file_path,n_identifiers,avg_identifier_length,avg_tokens_per_identifier,vocab_size,vocab_diversity,pct_snake_case,pct_camel_case,pct_pascal_case
extras/src/main/java/com/google/gson/extras/examples/rawcollections/RawCollectionsExample.java,16,6.4375,1.1875,16,0.8421052631578947,0.8125,0.0625,0.125
extras/src/main/java/com/google/gson/graph/GraphAdapterBuilder.java,65,8.261538461538462,1.4615384615384615,34,0.35789473684210527,0.5692307692307692,0.36923076923076925,0.06153846153846154
extras/src/main/java/com/google/gson/interceptors/Intercept.java,0,0.0,0.0,0,0.0,0.0,0.0,0.0
extras/src/main/java/com/google/gson/interceptors/InterceptorFactory.java,18,7.611111111111111,1.2222222222222223,18,0.8181818181818182,0.8333333333333334,0.05555555555555555,0.1111111111111111
extras/src/main/java/com/google/gson/interceptors/JsonPostDeserializer.java,1,6.0,1.0,1,1.0,1.0,0.0,0.0
extras/src/main/java/com/google/gson/typeadapters/PostConstructAdapterFactory.java,20,6.45,1.3,20,0.7692307692307693,0.9,0.0,0.1
extras/src/main/java/com/google/gson/typeadapters/RuntimeTypeAdapterFactory.java,50,9.04,1.8,33,0.36666666666666664,0.46,0.52,0.02
extras/src/main/java/com/google/gson/typeadapters/UtcDateTypeAdapter.java,58,6.189655172413793,1.4482758620689655,54,0.6428571428571429,0.7931034482758621,0.15517241379310345,0.017241379310344827
extras/src/test/java/com/google/gson/graph/GraphAdapterBuilderTest.java,80,9.625,1.8,44,0.3055555555555556,0.6,0.35,0.05
extras/src/test/java/com/google/gson/interceptors/InterceptorTest.java,57,8.263157894736842,2.0350877192982457,56,0.4827586206896552,0.5614035087719298,0.2982456140350877,0.10526315789473684
extras/src/test/java/com/google/gson/typeadapters/PostConstructAdapterFactoryTest.java,25,7.6,1.32,20,0.6060606060606061,0.8,0.08,0.12
extras/src/test/java/com/google/gson/typeadapters/RuntimeTypeAdapterFactoryTest.java,63,11.53968253968254,2.0634920634920637,37,0.2846153846153846,0.5238095238095238,0.3968253968253968,0.07936507936507936
extras/src/test/java/com/google/gson/typeadapters/UtcDateTypeAdapterTest.java,25,11.0,2.24,32,0.5714285714285714,0.56,0.36,0.04
gson/src/main/java-templates/com/google/gson/internal/GsonBuildConfig.java,2,11.0,5.0,10,1.0,0.0,0.0,0.5
gson/src/main/java/com/google/gson/ExclusionStrategy.java,2,3.0,1.0,2,1.0,1.0,0.0,0.0
gson/src/main/java/com/google/gson/FieldAttributes.java,13,10.76923076923077,1.9230769230769231,15,0.6,0.3076923076923077,0.6153846153846154,0.07692307692307693
gson/src/main/java/com/google/gson/FieldNamingPolicy.java,27,7.185185185185185,1.4444444444444444,17,0.4358974358974359,0.6666666666666666,0.3333333333333333,0.0
gson/src/main/java/com/google/gson/FieldNamingStrategy.java,3,5.333333333333333,1.3333333333333333,3,0.75,0.6666666666666666,0.3333333333333333,0.0
gson/src/main/java/com/google/gson/FormattingStyle.java,18,11.944444444444445,2.5555555555555554,19,0.41304347826086957,0.3333333333333333,0.5,0.05555555555555555
gson/src/main/java/com/google/gson/Gson.java,168,9.06547619047619,2.011904761904762,108,0.31952662721893493,0.4166666666666667,0.5654761904761905,0.011904761904761904
gson/src/main/java/com/google/gson/GsonBuilder.java,120,17.308333333333334,5.383333333333334,119,0.18421052631578946,0.21666666666666667,0.6416666666666667,0.008333333333333333
gson/src/main/java/com/google/gson/InstanceCreator.java,1,4.0,1.0,1,1.0,1.0,0.0,0.0
gson/src/main/java/com/google/gson/JsonArray.java,50,7.18,1.7,41,0.4823529411764706,0.62,0.36,0.02
gson/src/main/java/com/google/gson/JsonDeserializationContext.java,2,5.5,2.0,4,1.0,0.5,0.5,0.0
gson/src/main/java/com/google/gson/JsonDeserializer.java,3,6.0,1.6666666666666667,5,1.0,0.6666666666666666,0.3333333333333333,0.0
gson/src/main/java/com/google/gson/JsonElement.java,25,11.44,3.0,26,0.3466666666666667,0.04,0.92,0.04
gson/src/main/java/com/google/gson/JsonIOException.java,6,7.833333333333333,2.1666666666666665,10,0.7692307692307693,0.6666666666666666,0.16666666666666666,0.16666666666666666
gson/src/main/java/com/google/gson/JsonNull.java,6,7.166666666666667,2.6666666666666665,15,0.9375,0.3333333333333333,0.3333333333333333,0.16666666666666666
gson/src/main/java/com/google/gson/JsonObject.java,40,7.75,1.625,28,0.4307692307692308,0.525,0.45,0.025
gson/src/main/java/com/google/gson/JsonParseException.java,6,8.333333333333334,2.0,10,0.8333333333333334,0.6666666666666666,0.16666666666666666,0.16666666666666666
gson/src/main/java/com/google/gson/JsonParser.java,19,6.105263157894737,1.263157894736842,8,0.3333333333333333,0.7368421052631579,0.21052631578947367,0.05263157894736842
gson/src/main/java/com/google/gson/JsonPrimitive.java,34,8.411764705882353,2.088235294117647,31,0.43661971830985913,0.38235294117647056,0.5882352941176471,0.029411764705882353
gson/src/main/java/com/google/gson/JsonSerializationContext.java,3,5.0,1.6666666666666667,3,0.6,0.6666666666666666,0.3333333333333333,0.0
gson/src/main/java/com/google/gson/JsonSerializer.java,3,6.333333333333333,1.6666666666666667,4,0.8,0.6666666666666666,0.3333333333333333,0.0
gson/src/main/java/com/google/gson/JsonStreamParser.java,11,5.090909090909091,1.2727272727272727,9,0.6428571428571429,0.8181818181818182,0.09090909090909091,0.09090909090909091
gson/src/main/java/com/google/gson/JsonSyntaxException.java,6,8.5,2.0,10,0.8333333333333334,0.6666666666666666,0.16666666666666666,0.16666666666666666
gson/src/main/java/com/google/gson/LongSerializationPolicy.java,7,7.857142857142857,1.2857142857142858,4,0.4444444444444444,0.7142857142857143,0.2857142857142857,0.0
gson/src/main/java/com/google/gson/ReflectionAccessFilter.java,21,9.80952380952381,6.0,24,0.19047619047619047,0.19047619047619047,0.42857142857142855,0.0
gson/src/main/java/com/google/gson/Strictness.java,3,8.666666666666666,8.333333333333334,11,0.44,0.0,0.0,0.0
gson/src/main/java/com/google/gson/ToNumberPolicy.java,21,6.333333333333333,3.2857142857142856,24,0.34782608695652173,0.5714285714285714,0.23809523809523808,0.0
gson/src/main/java/com/google/gson/ToNumberStrategy.java,1,2.0,1.0,1,1.0,1.0,0.0,0.0
gson/src/main/java/com/google/gson/TypeAdapter.java,33,6.424242424242424,1.5757575757575757,20,0.38461538461538464,0.5757575757575758,0.36363636363636365,0.06060606060606061
gson/src/main/java/com/google/gson/TypeAdapterFactory.java,2,4.0,1.0,2,1.0,1.0,0.0,0.0
gson/src/main/java/com/google/gson/annotations/Expose.java,0,0.0,0.0,0,0.0,0.0,0.0,0.0
gson/src/main/java/com/google/gson/annotations/JsonAdapter.java,0,0.0,0.0,0,0.0,0.0,0.0,0.0
gson/src/main/java/com/google/gson/annotations/SerializedName.java,0,0.0,0.0,0,0.0,0.0,0.0,0.0
gson/src/main/java/com/google/gson/annotations/Since.java,0,0.0,0.0,0,0.0,0.0,0.0,0.0
gson/src/main/java/com/google/gson/annotations/Until.java,0,0.0,0.0,0,0.0,0.0,0.0,0.0
gson/src/main/java/com/google/gson/annotations/package-info.java,0,0.0,0.0,0,0.0,0.0,0.0,0.0
gson/src/main/java/com/google/gson/internal/ConstructorConstructor.java,74,11.432432432432432,1.8918918918918919,44,0.3142857142857143,0.33783783783783783,0.6216216216216216,0.04054054054054054
gson/src/main/java/com/google/gson/internal/Excluder.java,64,10.609375,1.875,60,0.5,0.5625,0.390625,0.015625
gson/src/main/java/com/google/gson/internal/GsonTypes.java,162,9.666666666666666,2.0246913580246915,93,0.28353658536585363,0.4074074074074074,0.5617283950617284,0.024691358024691357
gson/src/main/java/com/google/gson/internal/JavaVersion.java,20,10.35,2.15,21,0.4883720930232558,0.35,0.6,0.05
gson/src/main/java/com/google/gson/internal/JsonReaderInternalAccess.java,3,12.666666666666666,4.333333333333333,11,0.8461538461538461,0.3333333333333333,0.0,0.3333333333333333
gson/src/main/java/com/google/gson/internal/LazilyParsedNumber.java,19,7.2105263157894735,1.631578947368421,25,0.8064516129032258,0.47368421052631576,0.47368421052631576,0.05263157894736842
gson/src/main/java/com/google/gson/internal/LinkedTreeMap.java,165,7.054545454545455,1.5515151515151515,85,0.33203125,0.6484848484848484,0.3151515151515151,0.030303030303030304
gson/src/main/java/com/google/gson/internal/NonNullElementWrapperList.java,35,5.771428571428571,1.4,27,0.5510204081632653,0.7428571428571429,0.22857142857142856,0.02857142857142857
gson/src/main/java/com/google/gson/internal/NumberLimits.java,9,11.0,4.111111111111111,23,0.6216216216216216,0.4444444444444444,0.3333333333333333,0.1111111111111111
gson/src/main/java/com/google/gson/internal/ObjectConstructor.java,0,0.0,0.0,0,0.0,0.0,0.0,0.0
gson/src/main/java/com/google/gson/internal/PreJava9DateFormatProvider.java,9,16.0,3.6666666666666665,12,0.36363636363636365,0.1111111111111111,0.7777777777777778,0.1111111111111111
gson/src/main/java/com/google/gson/internal/Primitives.java,9,6.666666666666667,1.3333333333333333,7,0.5833333333333334,0.6666666666666666,0.2222222222222222,0.1111111111111111
gson/src/main/java/com/google/gson/internal/ReflectionAccessFilterHelper.java,34,9.941176470588236,2.1176470588235294,28,0.3888888888888889,0.35294117647058826,0.5588235294117647,0.058823529411764705
gson/src/main/java/com/google/gson/internal/Streams.java,48,6.041666666666667,1.2291666666666667,34,0.576271186440678,0.7708333333333334,0.16666666666666666,0.0625
gson/src/main/java/com/google/gson/internal/TroubleshootingGuide.java,3,10.333333333333334,1.6666666666666667,5,1.0,0.3333333333333333,0.3333333333333333,0.3333333333333333
gson/src/main/java/com/google/gson/internal/UnsafeAllocator.java,26,8.423076923076923,1.8076923076923077,23,0.48936170212765956,0.46153846153846156,0.46153846153846156,0.038461538461538464
gson/src/main/java/com/google/gson/internal/bind/ArrayTypeAdapter.java,28,8.035714285714286,1.7142857142857142,27,0.5625,0.6428571428571429,0.2857142857142857,0.03571428571428571
gson/src/main/java/com/google/gson/internal/bind/CollectionTypeAdapterFactory.java,27,10.88888888888889,1.6666666666666667,21,0.4666666666666667,0.5555555555555556,0.37037037037037035,0.07407407407407407
gson/src/main/java/com/google/gson/internal/bind/DefaultDateTypeAdapter.java,45,9.8,2.5555555555555554,46,0.4,0.35555555555555557,0.5333333333333333,0.044444444444444446
gson/src/main/java/com/google/gson/internal/bind/EnumTypeAdapter.java,31,9.096774193548388,2.032258064516129,43,0.6825396825396826,0.5483870967741935,0.3870967741935484,0.03225806451612903
gson/src/main/java/com/google/gson/internal/bind/IgnoreJRERequirement.java,0,0.0,0.0,0,0.0,0.0,0.0,0.0
gson/src/main/java/com/google/gson/internal/bind/JavaTimeTypeAdapters.java,112,7.901785714285714,2.169642857142857,58,0.23868312757201646,0.5535714285714286,0.3482142857142857,0.008928571428571428
gson/src/main/java/com/google/gson/internal/bind/JsonAdapterAnnotationTypeAdapterFactory.java,48,12.604166666666666,2.8958333333333335,45,0.3237410071942446,0.375,0.5416666666666666,0.041666666666666664
gson/src/main/java/com/google/gson/internal/bind/JsonElementTypeAdapter.java,23,6.260869565217392,1.565217391304348,26,0.7222222222222222,0.782608695652174,0.13043478260869565,0.043478260869565216
gson/src/main/java/com/google/gson/internal/bind/JsonTreeReader.java,74,7.5675675675675675,1.9054054054054055,65,0.46099290780141844,0.527027027027027,0.43243243243243246,0.013513513513513514
gson/src/main/java/com/google/gson/internal/bind/JsonTreeWriter.java,49,6.387755102040816,1.7551020408163265,37,0.43023255813953487,0.7959183673469388,0.14285714285714285,0.02040816326530612
gson/src/main/java/com/google/gson/internal/bind/MapTypeAdapterFactory.java,57,9.421052631578947,1.7894736842105263,40,0.39215686274509803,0.5263157894736842,0.43859649122807015,0.03508771929824561
gson/src/main/java/com/google/gson/internal/bind/NumberTypeAdapter.java,18,9.88888888888889,3.0555555555555554,35,0.6363636363636364,0.5,0.3888888888888889,0.05555555555555555
gson/src/main/java/com/google/gson/internal/bind/ObjectTypeAdapter.java,33,7.666666666666667,1.878787878787879,39,0.6290322580645161,0.6363636363636364,0.30303030303030304,0.030303030303030304
gson/src/main/java/com/google/gson/internal/bind/ReflectiveTypeAdapterFactory.java,173,9.826589595375722,1.69364161849711,96,0.32764505119453924,0.5375722543352601,0.4161849710982659,0.03468208092485549
gson/src/main/java/com/google/gson/internal/bind/SerializationDelegatingTypeAdapter.java,1,37.0,5.0,5,1.0,0.0,0.0,1.0
gson/src/main/java/com/google/gson/internal/bind/TreeTypeAdapter.java,63,9.587301587301587,1.8095238095238095,41,0.35964912280701755,0.5079365079365079,0.4444444444444444,0.047619047619047616
gson/src/main/java/com/google/gson/internal/bind/TypeAdapterRuntimeTypeWrapper.java,21,9.142857142857142,1.7142857142857142,19,0.5277777777777778,0.7142857142857143,0.23809523809523808,0.047619047619047616
gson/src/main/java/com/google/gson/internal/bind/TypeAdapters.java,339,6.489675516224189,2.9852507374631267,88,0.08695652173913043,0.7050147492625368,0.11799410029498525,0.011799410029498525
gson/src/main/java/com/google/gson/internal/bind/util/ISO8601Utils.java,69,6.333333333333333,1.4782608695652173,58,0.5686274509803921,0.7681159420289855,0.18840579710144928,0.014492753623188406
gson/src/main/java/com/google/gson/internal/package-info.java,0,0.0,0.0,0,0.0,0.0,0.0,0.0
gson/src/main/java/com/google/gson/internal/reflect/ReflectionHelper.java,90,11.477777777777778,2.033333333333333,62,0.33879781420765026,0.5222222222222223,0.4222222222222222,0.044444444444444446
gson/src/main/java/com/google/gson/internal/sql/SqlDateTypeAdapter.java,16,6.5625,1.875,27,0.9,0.625,0.25,0.0625
gson/src/main/java/com/google/gson/internal/sql/SqlTimeTypeAdapter.java,16,6.3125,1.8125,26,0.896551724137931,0.6875,0.1875,0.0625
gson/src/main/java/com/google/gson/internal/sql/SqlTimestampTypeAdapter.java,14,8.357142857142858,2.142857142857143,20,0.6666666666666666,0.5714285714285714,0.2857142857142857,0.07142857142857142
gson/src/main/java/com/google/gson/internal/sql/SqlTypesSupport.java,14,13.714285714285714,8.071428571428571,25,0.22123893805309736,0.2857142857142857,0.14285714285714285,0.07142857142857142
gson/src/main/java/com/google/gson/package-info.java,0,0.0,0.0,0,0.0,0.0,0.0,0.0
gson/src/main/java/com/google/gson/reflect/TypeToken.java,86,8.720930232558139,1.8255813953488371,53,0.3375796178343949,0.45348837209302323,0.5348837209302325,0.011627906976744186
gson/src/main/java/com/google/gson/reflect/package-info.java,0,0.0,0.0,0,0.0,0.0,0.0,0.0
gson/src/main/java/com/google/gson/stream/JsonReader.java,205,8.185365853658537,3.453658536585366,125,0.1765536723163842,0.5219512195121951,0.33170731707317075,0.004878048780487805
gson/src/main/java/com/google/gson/stream/JsonScope.java,9,12.333333333333334,10.777777777777779,20,0.20618556701030927,0.0,0.0,0.1111111111111111
gson/src/main/java/com/google/gson/stream/JsonToken.java,10,8.1,7.6,17,0.2236842105263158,0.0,0.0,0.0
gson/src/main/java/com/google/gson/stream/JsonWriter.java,93,8.89247311827957,2.225806451612903,76,0.3671497584541063,0.5268817204301075,0.43010752688172044,0.010752688172043012
gson/src/main/java/com/google/gson/stream/MalformedJsonException.java,6,10.333333333333334,2.0,10,0.8333333333333334,0.6666666666666666,0.16666666666666666,0.16666666666666666
gson/src/main/java/com/google/gson/stream/package-info.java,0,0.0,0.0,0,0.0,0.0,0.0,0.0
gson/src/main/java/module-info.java,8,19.75,1.0,7,0.875,1.0,0.0,0.0
gson/src/test/java/com/google/gson/CommentsTest.java,4,9.0,1.75,5,0.7142857142857143,0.5,0.25,0.25
gson/src/test/java/com/google/gson/DefaultInetAddressTypeAdapterTest.java,7,15.857142857142858,2.7142857142857144,14,0.7368421052631579,0.42857142857142855,0.42857142857142855,0.14285714285714285
gson/src/test/java/com/google/gson/DefaultMapJsonSerializerTest.java,18,12.666666666666666,2.611111111111111,15,0.3191489361702128,0.3333333333333333,0.6111111111111112,0.05555555555555555
gson/src/test/java/com/google/gson/ExposeAnnotationExclusionStrategyTest.java,27,16.37037037037037,2.8518518518518516,33,0.42857142857142855,0.3333333333333333,0.5925925925925926,0.07407407407407407
gson/src/test/java/com/google/gson/FieldAttributesTest.java,11,12.090909090909092,2.3636363636363638,16,0.6153846153846154,0.09090909090909091,0.7272727272727273,0.18181818181818182
gson/src/test/java/com/google/gson/FieldNamingPolicyTest.java,25,10.24,1.88,23,0.48936170212765956,0.52,0.32,0.16
gson/src/test/java/com/google/gson/GenericArrayTypeTest.java,8,15.875,3.0,12,0.5,0.0,0.875,0.125
gson/src/test/java/com/google/gson/GsonBuilderTest.java,121,11.355371900826446,2.4297520661157024,92,0.3129251700680272,0.5702479338842975,0.34710743801652894,0.05785123966942149
gson/src/test/java/com/google/gson/GsonTest.java,178,8.724719101123595,2.252808988764045,102,0.2543640897755611,0.6573033707865169,0.20786516853932585,0.06179775280898876
gson/src/test/java/com/google/gson/GsonTypeAdapterTest.java,51,11.901960784313726,2.1176470588235294,47,0.4351851851851852,0.5294117647058824,0.37254901960784315,0.09803921568627451
gson/src/test/java/com/google/gson/InnerClassExclusionStrategyTest.java,22,13.863636363636363,2.6363636363636362,18,0.3103448275862069,0.4090909090909091,0.45454545454545453,0.13636363636363635
gson/src/test/java/com/google/gson/JavaSerializationTest.java,20,9.25,1.7,16,0.47058823529411764,0.65,0.3,0.05
gson/src/test/java/com/google/gson/JsonArrayAsListSuiteTest.java,13,8.846153846153847,1.6153846153846154,14,0.6666666666666666,0.6923076923076923,0.15384615384615385,0.15384615384615385
gson/src/test/java/com/google/gson/JsonArrayAsListTest.java,64,6.0625,1.5625,31,0.31,0.65625,0.328125,0.015625
gson/src/test/java/com/google/gson/JsonArrayTest.java,51,11.176470588235293,2.3529411764705883,42,0.35,0.3333333333333333,0.6274509803921569,0.0196078431372549
gson/src/test/java/com/google/gson/JsonNullTest.java,5,11.6,2.8,11,0.7857142857142857,0.2,0.6,0.2
gson/src/test/java/com/google/gson/JsonObjectAsMapSuiteTest.java,18,8.944444444444445,1.6666666666666667,18,0.6,0.6666666666666666,0.2222222222222222,0.1111111111111111
gson/src/test/java/com/google/gson/JsonObjectAsMapTest.java,53,5.490566037735849,1.5849056603773586,28,0.3333333333333333,0.6415094339622641,0.33962264150943394,0.018867924528301886
gson/src/test/java/com/google/gson/JsonObjectTest.java,69,11.492753623188406,2.347826086956522,53,0.3271604938271605,0.34782608695652173,0.6376811594202898,0.014492753623188406
gson/src/test/java/com/google/gson/JsonParserParameterizedTest.java,7,11.285714285714286,1.7142857142857142,10,0.8333333333333334,0.5714285714285714,0.2857142857142857,0.14285714285714285
gson/src/test/java/com/google/gson/JsonParserTest.java,51,11.058823529411764,2.156862745098039,39,0.35454545454545455,0.5490196078431373,0.43137254901960786,0.0196078431372549
gson/src/test/java/com/google/gson/JsonPrimitiveTest.java,78,10.41025641025641,2.3846153846153846,47,0.25268817204301075,0.5512820512820513,0.4230769230769231,0.01282051282051282
gson/src/test/java/com/google/gson/JsonStreamParserTest.java,18,12.5,2.5,28,0.6222222222222222,0.3888888888888889,0.5555555555555556,0.05555555555555555
gson/src/test/java/com/google/gson/LongSerializationPolicyTest.java,17,17.058823529411764,2.588235294117647,12,0.2727272727272727,0.47058823529411764,0.47058823529411764,0.058823529411764705
gson/src/test/java/com/google/gson/MixedStreamTest.java,62,9.596774193548388,2.4193548387096775,52,0.3466666666666667,0.4838709677419355,0.41935483870967744,0.03225806451612903
gson/src/test/java/com/google/gson/ObjectTypeAdapterParameterizedTest.java,7,12.857142857142858,2.0,12,0.8571428571428571,0.5714285714285714,0.2857142857142857,0.14285714285714285
gson/src/test/java/com/google/gson/ObjectTypeAdapterTest.java,27,10.88888888888889,1.962962962962963,22,0.41509433962264153,0.5185185185185185,0.4074074074074074,0.07407407407407407
gson/src/test/java/com/google/gson/OverrideCoreTypeAdaptersTest.java,20,10.8,2.05,20,0.4878048780487805,0.7,0.25,0.05
gson/src/test/java/com/google/gson/ParameterizedTypeFixtures.java,44,9.340909090909092,1.8863636363636365,39,0.46987951807228917,0.5227272727272727,0.38636363636363635,0.09090909090909091
gson/src/test/java/com/google/gson/ParameterizedTypeTest.java,7,16.142857142857142,2.7142857142857144,10,0.5263157894736842,0.0,0.8571428571428571,0.14285714285714285
gson/src/test/java/com/google/gson/PrimitiveTypeAdapter.java,10,7.1,1.5,13,0.8666666666666667,0.6,0.3,0.1
gson/src/test/java/com/google/gson/SubsetTest.java,7,6.857142857142857,1.4285714285714286,7,0.7,0.5714285714285714,0.2857142857142857,0.14285714285714285
gson/src/test/java/com/google/gson/ToNumberPolicyTest.java,19,9.789473684210526,2.0526315789473686,22,0.5641025641025641,0.5263157894736842,0.42105263157894735,0.05263157894736842
gson/src/test/java/com/google/gson/TypeAdapterTest.java,31,10.548387096774194,2.193548387096774,28,0.4117647058823529,0.6774193548387096,0.12903225806451613,0.03225806451612903
gson/src/test/java/com/google/gson/VersionExclusionStrategyTest.java,26,11.0,2.230769230769231,27,0.46551724137931033,0.4230769230769231,0.38461538461538464,0.15384615384615385
gson/src/test/java/com/google/gson/common/MoreAsserts.java,25,10.48,1.84,34,0.7391304347826086,0.48,0.48,0.04
gson/src/test/java/com/google/gson/common/TestTypes.java,139,9.014388489208633,2.446043165467626,83,0.24411764705882352,0.4460431654676259,0.30935251798561153,0.15827338129496402
gson/src/test/java/com/google/gson/functional/ArrayTest.java,92,15.83695652173913,2.619565217391304,57,0.23651452282157676,0.532608695652174,0.45652173913043476,0.010869565217391304
gson/src/test/java/com/google/gson/functional/CircularReferenceTest.java,35,12.82857142857143,2.3142857142857145,41,0.5061728395061729,0.5714285714285714,0.3142857142857143,0.11428571428571428
gson/src/test/java/com/google/gson/functional/CollectionTest.java,163,11.325153374233128,2.0,82,0.25153374233128833,0.6073619631901841,0.3496932515337423,0.04294478527607362
gson/src/test/java/com/google/gson/functional/ConcurrencyTest.java,35,8.257142857142858,1.6571428571428573,26,0.4482758620689655,0.5714285714285714,0.37142857142857144,0.05714285714285714
gson/src/test/java/com/google/gson/functional/CustomDeserializerTest.java,77,10.532467532467532,2.5324675324675323,66,0.3384615384615385,0.5324675324675324,0.2987012987012987,0.1038961038961039
gson/src/test/java/com/google/gson/functional/CustomSerializerTest.java,29,14.96551724137931,2.8620689655172415,23,0.27710843373493976,0.7241379310344828,0.2413793103448276,0.034482758620689655
gson/src/test/java/com/google/gson/functional/CustomTypeAdaptersTest.java,201,10.621890547263682,2.08955223880597,80,0.19047619047619047,0.6268656716417911,0.3034825870646766,0.05970149253731343
gson/src/test/java/com/google/gson/functional/DefaultTypeAdaptersTest.java,341,12.102639296187684,2.2639296187683287,131,0.16968911917098445,0.5542521994134897,0.4252199413489736,0.017595307917888565
gson/src/test/java/com/google/gson/functional/DelegateTypeAdapterTest.java,25,7.76,1.6,25,0.625,0.72,0.2,0.08
gson/src/test/java/com/google/gson/functional/EnumTest.java,82,10.597560975609756,2.4390243902439024,71,0.355,0.45121951219512196,0.36585365853658536,0.08536585365853659
gson/src/test/java/com/google/gson/functional/EnumWithObfuscatedTest.java,6,14.0,2.6666666666666665,11,0.6875,0.16666666666666666,0.5,0.3333333333333333
gson/src/test/java/com/google/gson/functional/EscapingTest.java,24,15.458333333333334,2.7083333333333335,34,0.5230769230769231,0.375,0.5833333333333334,0.041666666666666664
gson/src/test/java/com/google/gson/functional/ExclusionStrategyFunctionalTest.java,58,14.60344827586207,2.8620689655172415,54,0.3253012048192771,0.4827586206896552,0.4482758620689655,0.05172413793103448
gson/src/test/java/com/google/gson/functional/ExposeFieldsTest.java,56,10.857142857142858,2.0,40,0.35714285714285715,0.6607142857142857,0.23214285714285715,0.10714285714285714
gson/src/test/java/com/google/gson/functional/FieldExclusionTest.java,23,9.217391304347826,1.9130434782608696,23,0.5227272727272727,0.5652173913043478,0.21739130434782608,0.17391304347826086
gson/src/test/java/com/google/gson/functional/FieldNamingTest.java,25,13.64,2.96,30,0.40540540540540543,0.32,0.4,0.12
gson/src/test/java/com/google/gson/functional/FormattingStyleTest.java,53,9.867924528301886,2.188679245283019,41,0.35344827586206895,0.4716981132075472,0.4716981132075472,0.018867924528301886
gson/src/test/java/com/google/gson/functional/GsonVersionDiagnosticsTest.java,22,11.818181818181818,2.8636363636363638,34,0.5396825396825397,0.6363636363636364,0.22727272727272727,0.09090909090909091
gson/src/test/java/com/google/gson/functional/InheritanceTest.java,85,11.929411764705883,2.3176470588235296,47,0.23857868020304568,0.6705882352941176,0.29411764705882354,0.03529411764705882
gson/src/test/java/com/google/gson/functional/InstanceCreatorTest.java,31,12.193548387096774,2.5161290322580645,27,0.34615384615384615,0.6129032258064516,0.2903225806451613,0.0967741935483871
gson/src/test/java/com/google/gson/functional/InterfaceTest.java,14,12.357142857142858,2.5714285714285716,19,0.5277777777777778,0.35714285714285715,0.35714285714285715,0.21428571428571427
gson/src/test/java/com/google/gson/functional/InternationalizationTest.java,22,20.272727272727273,2.6818181818181817,20,0.3389830508474576,0.5,0.45454545454545453,0.045454545454545456
gson/src/test/java/com/google/gson/functional/Java17RecordTest.java,139,9.39568345323741,1.920863309352518,96,0.3595505617977528,0.5323741007194245,0.2949640287769784,0.17266187050359713
gson/src/test/java/com/google/gson/functional/JavaUtilConcurrentAtomicTest.java,28,11.285714285714286,2.142857142857143,20,0.3333333333333333,0.6428571428571429,0.2857142857142857,0.07142857142857142
gson/src/test/java/com/google/gson/functional/JavaUtilTest.java,11,7.7272727272727275,1.5454545454545454,13,0.7647058823529411,0.5454545454545454,0.2727272727272727,0.18181818181818182
gson/src/test/java/com/google/gson/functional/JsonAdapterAnnotationOnClassesTest.java,250,8.64,1.664,79,0.18990384615384615,0.728,0.128,0.116
gson/src/test/java/com/google/gson/functional/JsonAdapterAnnotationOnFieldsTest.java,257,9.167315175097276,1.7898832684824904,95,0.20652173913043478,0.7509727626459144,0.10894941634241245,0.1245136186770428
gson/src/test/java/com/google/gson/functional/JsonAdapterSerializerDeserializerTest.java,93,8.731182795698924,1.8064516129032258,52,0.30952380952380953,0.6344086021505376,0.21505376344086022,0.15053763440860216
gson/src/test/java/com/google/gson/functional/JsonParserTest.java,27,12.74074074074074,2.5925925925925926,28,0.4,0.6296296296296297,0.3333333333333333,0.037037037037037035
gson/src/test/java/com/google/gson/functional/JsonTreeTest.java,33,7.151515151515151,1.7878787878787878,29,0.4915254237288136,0.696969696969697,0.24242424242424243,0.06060606060606061
gson/src/test/java/com/google/gson/functional/LeniencyTest.java,5,8.8,2.0,8,0.8,0.4,0.4,0.2
gson/src/test/java/com/google/gson/functional/MapAsArrayTypeAdapterTest.java,45,9.466666666666667,2.0444444444444443,42,0.45652173913043476,0.7333333333333333,0.2,0.06666666666666667
gson/src/test/java/com/google/gson/functional/MapTest.java,251,10.820717131474103,2.298804780876494,108,0.18717504332755633,0.5537848605577689,0.41434262948207173,0.03187250996015936
gson/src/test/java/com/google/gson/functional/MoreSpecificTypeSerializationTest.java,57,9.280701754385966,1.8771929824561404,28,0.2616822429906542,0.7192982456140351,0.12280701754385964,0.15789473684210525
gson/src/test/java/com/google/gson/functional/NamingPolicyTest.java,112,14.598214285714286,2.625,55,0.1870748299319728,0.5982142857142857,0.3482142857142857,0.05357142857142857
gson/src/test/java/com/google/gson/functional/NullObjectAndFieldTest.java,94,12.393617021276595,2.606382978723404,75,0.30612244897959184,0.6914893617021277,0.2127659574468085,0.06382978723404255
gson/src/test/java/com/google/gson/functional/NumberLimitsTest.java,22,9.090909090909092,2.272727272727273,27,0.54,0.5454545454545454,0.36363636363636365,0.045454545454545456
gson/src/test/java/com/google/gson/functional/ObjectTest.java,222,13.022522522522523,2.2882882882882885,118,0.23228346456692914,0.5630630630630631,0.34234234234234234,0.0945945945945946
gson/src/test/java/com/google/gson/functional/ParameterizedTypesTest.java,171,12.368421052631579,2.3508771929824563,98,0.24378109452736318,0.47953216374269003,0.4853801169590643,0.03508771929824561
gson/src/test/java/com/google/gson/functional/PrettyPrintingTest.java,33,9.696969696969697,2.212121212121212,29,0.3972602739726027,0.6060606060606061,0.3333333333333333,0.06060606060606061
gson/src/test/java/com/google/gson/functional/PrimitiveCharacterTest.java,7,19.285714285714285,2.5714285714285716,11,0.6111111111111112,0.42857142857142855,0.42857142857142855,0.14285714285714285
gson/src/test/java/com/google/gson/functional/PrimitiveTest.java,232,20.86637931034483,3.353448275862069,94,0.12082262210796915,0.4525862068965517,0.5387931034482759,0.008620689655172414
gson/src/test/java/com/google/gson/functional/PrintFormattingTest.java,15,12.333333333333334,2.6,23,0.5897435897435898,0.6,0.3333333333333333,0.06666666666666667
gson/src/test/java/com/google/gson/functional/RawSerializationTest.java,27,9.296296296296296,1.8518518518518519,25,0.5,0.5555555555555556,0.3333333333333333,0.1111111111111111
gson/src/test/java/com/google/gson/functional/ReadersWritersTest.java,58,13.0,2.4655172413793105,50,0.34965034965034963,0.5862068965517241,0.3793103448275862,0.034482758620689655
gson/src/test/java/com/google/gson/functional/ReflectionAccessFilterTest.java,112,9.455357142857142,1.9285714285714286,65,0.30092592592592593,0.625,0.2857142857142857,0.08928571428571429
gson/src/test/java/com/google/gson/functional/ReflectionAccessTest.java,38,11.026315789473685,1.8421052631578947,47,0.6714285714285714,0.6052631578947368,0.34210526315789475,0.05263157894736842
gson/src/test/java/com/google/gson/functional/ReusedTypeVariablesFullyResolveTest.java,15,12.933333333333334,2.8666666666666667,31,0.7209302325581395,0.3333333333333333,0.2,0.26666666666666666
gson/src/test/java/com/google/gson/functional/RuntimeTypeAdapterFactoryFunctionalTest.java,56,8.785714285714286,1.875,47,0.44761904761904764,0.5357142857142857,0.32142857142857145,0.10714285714285714
gson/src/test/java/com/google/gson/functional/SecurityTest.java,22,15.818181818181818,3.590909090909091,33,0.4177215189873418,0.5909090909090909,0.3181818181818182,0.045454545454545456
gson/src/test/java/com/google/gson/functional/SerializedNameTest.java,11,13.272727272727273,2.727272727272727,22,0.7333333333333333,0.5454545454545454,0.2727272727272727,0.18181818181818182
gson/src/test/java/com/google/gson/functional/StreamingTypeAdaptersTest.java,83,9.686746987951807,1.783132530120482,53,0.3581081081081081,0.5542168674698795,0.39759036144578314,0.04819277108433735
gson/src/test/java/com/google/gson/functional/StringTest.java,57,16.42105263157895,2.6842105263157894,32,0.20915032679738563,0.5789473684210527,0.40350877192982454,0.017543859649122806
gson/src/test/java/com/google/gson/functional/ToNumberPolicyFunctionalTest.java,25,12.64,2.48,33,0.532258064516129,0.52,0.44,0.04
gson/src/test/java/com/google/gson/functional/TreeTypeAdaptersTest.java,55,8.290909090909091,2.5454545454545454,50,0.35714285714285715,0.45454545454545453,0.3090909090909091,0.12727272727272726
gson/src/test/java/com/google/gson/functional/TypeAdapterPrecedenceTest.java,39,14.666666666666666,2.358974358974359,27,0.29347826086956524,0.6153846153846154,0.3333333333333333,0.05128205128205128
gson/src/test/java/com/google/gson/functional/TypeAdapterRuntimeTypeWrapperTest.java,54,10.092592592592593,1.8888888888888888,34,0.3333333333333333,0.6481481481481481,0.12962962962962962,0.12962962962962962
gson/src/test/java/com/google/gson/functional/TypeHierarchyAdapterTest.java,50,8.3,1.56,36,0.46153846153846156,0.68,0.18,0.12
gson/src/test/java/com/google/gson/functional/TypeVariableTest.java,39,7.0,1.6923076923076923,37,0.5606060606060606,0.5641025641025641,0.3076923076923077,0.1282051282051282
gson/src/test/java/com/google/gson/functional/UncategorizedTest.java,33,12.333333333333334,2.303030303030303,50,0.6578947368421053,0.3939393939393939,0.3939393939393939,0.15151515151515152
gson/src/test/java/com/google/gson/functional/VersioningTest.java,56,11.821428571428571,2.017857142857143,31,0.2743362831858407,0.6428571428571429,0.19642857142857142,0.125
gson/src/test/java/com/google/gson/integration/OSGiManifestIT.java,48,11.8125,2.2708333333333335,53,0.48623853211009177,0.3125,0.625,0.041666666666666664
gson/src/test/java/com/google/gson/internal/ConstructorConstructorTest.java,47,13.27659574468085,2.4893617021276597,36,0.3076923076923077,0.40425531914893614,0.3191489361702128,0.23404255319148937
gson/src/test/java/com/google/gson/internal/GsonBuildConfigTest.java,2,34.5,7.0,10,0.7142857142857143,0.0,0.5,0.5
gson/src/test/java/com/google/gson/internal/GsonTypesTest.java,35,11.514285714285714,2.4285714285714284,53,0.6235294117647059,0.4857142857142857,0.2857142857142857,0.22857142857142856
gson/src/test/java/com/google/gson/internal/JavaVersionTest.java,8,13.5,2.75,12,0.5454545454545454,0.0,0.875,0.125
gson/src/test/java/com/google/gson/internal/LazilyParsedNumberTest.java,12,9.416666666666666,2.0,15,0.625,0.3333333333333333,0.5833333333333334,0.08333333333333333
gson/src/test/java/com/google/gson/internal/LinkedTreeMapSuiteTest.java,15,11.466666666666667,2.1333333333333333,15,0.46875,0.4,0.4666666666666667,0.13333333333333333
gson/src/test/java/com/google/gson/internal/LinkedTreeMapTest.java,49,10.244897959183673,2.36734693877551,51,0.4396551724137931,0.6122448979591837,0.32653061224489793,0.02040816326530612
gson/src/test/java/com/google/gson/internal/StreamsTest.java,21,7.619047619047619,1.380952380952381,18,0.6206896551724138,0.7142857142857143,0.19047619047619047,0.09523809523809523
gson/src/test/java/com/google/gson/internal/UnsafeAllocatorInstantiationTest.java,9,17.11111111111111,2.4444444444444446,10,0.45454545454545453,0.3333333333333333,0.3333333333333333,0.3333333333333333
gson/src/test/java/com/google/gson/internal/bind/DefaultDateTypeAdapterTest.java,53,14.037735849056604,2.5283018867924527,49,0.3656716417910448,0.2830188679245283,0.6981132075471698,0.018867924528301886
gson/src/test/java/com/google/gson/internal/bind/Java17ReflectiveTypeAdapterFactoryTest.java,24,13.5,2.2083333333333335,36,0.6792452830188679,0.4583333333333333,0.4166666666666667,0.125
gson/src/test/java/com/google/gson/internal/bind/JsonElementReaderTest.java,58,9.310344827586206,1.6896551724137931,28,0.2857142857142857,0.6724137931034483,0.3103448275862069,0.017241379310344827
gson/src/test/java/com/google/gson/internal/bind/JsonTreeReaderTest.java,36,11.527777777777779,2.4444444444444446,34,0.38636363636363635,0.5,0.25,0.05555555555555555
gson/src/test/java/com/google/gson/internal/bind/JsonTreeWriterTest.java,52,10.673076923076923,2.1538461538461537,39,0.3482142857142857,0.5384615384615384,0.4423076923076923,0.019230769230769232
gson/src/test/java/com/google/gson/internal/bind/RecursiveTypesResolveTest.java,19,14.894736842105264,2.6842105263157894,27,0.5294117647058824,0.2631578947368421,0.47368421052631576,0.2631578947368421
gson/src/test/java/com/google/gson/internal/bind/util/ISO8601UtilsTest.java,40,11.975,2.475,24,0.24242424242424243,0.325,0.65,0.025
gson/src/test/java/com/google/gson/internal/reflect/Java17ReflectionHelperTest.java,19,12.947368421052632,2.1578947368421053,22,0.5365853658536586,0.3684210526315789,0.5263157894736842,0.10526315789473684
gson/src/test/java/com/google/gson/internal/sql/SqlTypesGsonTest.java,39,13.743589743589743,2.3333333333333335,24,0.26373626373626374,0.48717948717948717,0.48717948717948717,0.02564102564102564
gson/src/test/java/com/google/gson/internal/sql/SqlTypesSupportTest.java,2,16.0,3.0,5,0.8333333333333334,0.0,0.5,0.5
gson/src/test/java/com/google/gson/metrics/PerformanceTest.java,113,7.6902654867256635,1.7964601769911503,73,0.35960591133004927,0.7256637168141593,0.19469026548672566,0.061946902654867256
gson/src/test/java/com/google/gson/reflect/TypeTokenTest.java,76,15.763157894736842,3.236842105263158,72,0.2926829268292683,0.19736842105263158,0.6052631578947368,0.18421052631578946
gson/src/test/java/com/google/gson/stream/JsonReaderPathTest.java,76,8.5,1.7105263157894737,52,0.4,0.7894736842105263,0.17105263157894737,0.013157894736842105
gson/src/test/java/com/google/gson/stream/JsonReaderTest.java,463,13.32181425485961,2.550755939524838,208,0.17612193056731584,0.6198704103671706,0.3779697624190065,0.0021598272138228943
gson/src/test/java/com/google/gson/stream/JsonWriterTest.java,205,12.809756097560976,2.424390243902439,85,0.1710261569416499,0.2,0.7951219512195122,0.004878048780487805
metrics/src/main/java/com/google/gson/metrics/BagOfPrimitives.java,19,9.052631578947368,2.4210526315789473,27,0.5869565217391305,0.2631578947368421,0.631578947368421,0.05263157894736842
metrics/src/main/java/com/google/gson/metrics/BagOfPrimitivesDeserializationBenchmark.java,30,8.566666666666666,1.7666666666666666,28,0.5283018867924528,0.6666666666666666,0.3,0.03333333333333333
metrics/src/main/java/com/google/gson/metrics/CollectionsDeserializationBenchmark.java,35,7.857142857142857,1.9714285714285715,37,0.5362318840579711,0.6571428571428571,0.2571428571428571,0.02857142857142857
metrics/src/main/java/com/google/gson/metrics/NonUploadingCaliperRunner.java,8,7.0,1.375,11,1.0,0.875,0.0,0.125
metrics/src/main/java/com/google/gson/metrics/ParseBenchmark.java,172,9.453488372093023,2.122093023255814,134,0.36712328767123287,0.6744186046511628,0.19186046511627908,0.08139534883720931
metrics/src/main/java/com/google/gson/metrics/SerializationBenchmark.java,11,7.454545454545454,1.3636363636363635,14,0.9333333333333333,0.7272727272727273,0.18181818181818182,0.09090909090909091
proto/src/main/java/com/google/gson/protobuf/ProtoTypeAdapter.java,97,13.948453608247423,2.6804123711340204,66,0.25384615384615383,0.23711340206185566,0.711340206185567,0.020618556701030927
proto/src/test/java/com/google/gson/protobuf/functional/ProtosWithAnnotationsAndJsonNamesTest.java,39,18.974358974358974,5.743589743589744,42,0.1875,0.3333333333333333,0.3333333333333333,0.02564102564102564
proto/src/test/java/com/google/gson/protobuf/functional/ProtosWithAnnotationsTest.java,27,16.40740740740741,2.7777777777777777,23,0.30666666666666664,0.5925925925925926,0.14814814814814814,0.037037037037037035
proto/src/test/java/com/google/gson/protobuf/functional/ProtosWithComplexAndRepeatedFieldsTest.java,16,14.0,2.5,19,0.475,0.5625,0.375,0.0625
proto/src/test/java/com/google/gson/protobuf/functional/ProtosWithPrimitiveTypesTest.java,15,12.8,2.3333333333333335,16,0.45714285714285713,0.5333333333333333,0.4,0.06666666666666667
test-graal-native-image/src/test/java/com/google/gson/native_test/Java17RecordReflectionTest.java,67,8.880597014925373,1.8059701492537314,27,0.2231404958677686,0.6567164179104478,0.14925373134328357,0.19402985074626866
test-graal-native-image/src/test/java/com/google/gson/native_test/ReflectionTest.java,72,8.555555555555555,1.7777777777777777,31,0.2421875,0.6805555555555556,0.16666666666666666,0.1527777777777778
test-jpms/src/main/java/module-info.java,1,21.0,1.0,1,1.0,1.0,0.0,0.0
test-jpms/src/test/java/com/google/gson/jpms_test/ExportedPackagesTest.java,19,11.789473684210526,1.9473684210526316,23,0.6216216216216216,0.42105263157894735,0.47368421052631576,0.10526315789473684
test-jpms/src/test/java/com/google/gson/jpms_test/ModuleTest.java,20,12.15,1.95,16,0.41025641025641024,0.45,0.5,0.05
test-jpms/src/test/java/com/google/gson/jpms_test/ReflectionInaccessibleTest.java,10,8.3,1.5,11,0.7333333333333333,0.6,0.2,0.2
test-jpms/src/test/java/com/google/gson/jpms_test/opened/ReflectionTest.java,10,9.1,1.4,11,0.7857142857142857,0.6,0.2,0.2
test-jpms/src/test/java/module-info.java,7,10.714285714285714,1.1428571428571428,5,0.625,1.0,0.0,0.0
test-shrinker/src/main/java/com/example/ClassWithAdapter.java,12,4.75,1.25,12,0.8,0.75,0.08333333333333333,0.16666666666666666
test-shrinker/src/main/java/com/example/ClassWithExposeAnnotation.java,3,9.333333333333334,2.0,6,1.0,0.6666666666666666,0.0,0.3333333333333333
test-shrinker/src/main/java/com/example/ClassWithHasArgsConstructor.java,3,9.666666666666666,2.3333333333333335,6,0.8571428571428571,0.6666666666666666,0.0,0.3333333333333333
test-shrinker/src/main/java/com/example/ClassWithJsonAdapterAnnotation.java,41,5.390243902439025,1.2682926829268293,36,0.6923076923076923,0.7560975609756098,0.0975609756097561,0.14634146341463414
test-shrinker/src/main/java/com/example/ClassWithNamedFields.java,4,11.0,2.5,9,0.9,0.25,0.5,0.25
test-shrinker/src/main/java/com/example/ClassWithNoArgsConstructor.java,2,13.5,3.0,6,1.0,0.5,0.0,0.5
test-shrinker/src/main/java/com/example/ClassWithSerializedName.java,4,10.25,2.25,8,0.8888888888888888,0.5,0.25,0.25
test-shrinker/src/main/java/com/example/ClassWithUnreferencedHasArgsConstructor.java,3,13.666666666666666,2.6666666666666665,7,0.875,0.6666666666666666,0.0,0.3333333333333333
test-shrinker/src/main/java/com/example/ClassWithUnreferencedNoArgsConstructor.java,2,19.5,3.5,7,1.0,0.5,0.0,0.5
test-shrinker/src/main/java/com/example/ClassWithVersionAnnotations.java,5,7.0,1.6,8,1.0,0.8,0.0,0.2
test-shrinker/src/main/java/com/example/EnumClass.java,2,5.5,5.5,10,0.9090909090909091,0.0,0.0,0.0
test-shrinker/src/main/java/com/example/EnumClassWithSerializedName.java,1,14.0,2.0,2,1.0,0.0,0.0,1.0
test-shrinker/src/main/java/com/example/GenericClasses.java,20,7.3,1.7,18,0.5294117647058824,0.5,0.2,0.3
test-shrinker/src/main/java/com/example/InterfaceWithImplementation.java,3,7.666666666666667,1.3333333333333333,4,1.0,0.3333333333333333,0.3333333333333333,0.3333333333333333
test-shrinker/src/main/java/com/example/Main.java,71,11.549295774647888,1.8732394366197183,43,0.3233082706766917,0.49295774647887325,0.49295774647887325,0.014084507042253521
test-shrinker/src/main/java/com/example/NoSerializedNameMain.java,15,13.6,2.7333333333333334,17,0.4146341463414634,0.5333333333333333,0.2,0.26666666666666666
test-shrinker/src/main/java/com/example/TestExecutor.java,10,6.0,1.3,11,0.8461538461538461,0.7,0.2,0.1
test-shrinker/src/main/java/com/example/UnusedClass.java,2,6.0,1.5,3,1.0,0.5,0.0,0.5
test-shrinker/src/test/java/com/google/gson/it/ShrinkingIT.java,39,8.974358974358974,2.717948717948718,44,0.41509433962264153,0.5897435897435898,0.2564102564102564,0.02564102564102564
